{
    "metrics": {
        "http_req_failed{scenario:main}": {
            "fails": 321,
            "passes": 80,
            "thresholds": {
                "rate<0.01": true
            },
            "value": 0.19950124688279303
        },
        "iteration_duration": {
            "max": 12082.683599,
            "p(90)": 11191.742583500003,
            "p(95)": 11465.936233400002,
            "avg": 9556.169331771735,
            "min": 6495.189938,
            "med": 9533.437413
        },
        "transaction_duration{scenario:main}": {
            "avg": 9473.55,
            "min": 6495,
            "med": 9516.5,
            "max": 12082,
            "p(90)": 10782.1,
            "p(95)": 11308.9,
            "thresholds": {
                "p(95)<10000": true,
                "p(99)<20000": false
            }
        },
        "transaction_duration": {
            "p(95)": 11465.5,
            "avg": 9556.076086956522,
            "min": 6495,
            "med": 9533.5,
            "max": 12082,
            "p(90)": 11191.800000000003
        },
        "data_sent": {
            "count": 1745672,
            "rate": 2886.818408491121
        },
        "http_req_duration{expected_response:true}": {
            "max": 533.61992,
            "p(90)": 360.22494800000004,
            "p(95)": 368.7490095,
            "avg": 332.2428590108108,
            "min": 181.166035,
            "med": 340.45099949999997
        },
        "data_received": {
            "count": 1882598,
            "rate": 3113.252983486341
        },
        "http_req_sending": {
            "p(90)": 0.165471,
            "p(95)": 0.18848789999999999,
            "avg": 0.09064109090909087,
            "min": 0.019156,
            "med": 0.056065500000000004,
            "max": 1.216013
        },
        "http_req_duration": {
            "p(95)": 367.4470627,
            "avg": 319.7406510108226,
            "min": 157.404702,
            "med": 337.23789999999997,
            "max": 533.61992,
            "p(90)": 358.53895650000004
        },
        "http_req_tls_handshaking": {
            "min": 0,
            "med": 0,
            "max": 0,
            "p(90)": 0,
            "p(95)": 0,
            "avg": 0
        },
        "iterations": {
            "count": 92,
            "rate": 0.15214043278530168
        },
        "http_req_failed": {
            "passes": 92,
            "fails": 370,
            "value": 0.19913419913419914
        },
        "transaction_success{scenario:main}": {
            "passes": 80,
            "fails": 0,
            "thresholds": {
                "rate>0.95": false
            },
            "value": 1
        },
        "transaction_success": {
            "passes": 92,
            "fails": 0,
            "value": 1
        },
        "http_req_blocked": {
            "avg": 0.011251811688311688,
            "min": 0.004017,
            "med": 0.00807,
            "max": 0.452213,
            "p(90)": 0.010585900000000002,
            "p(95)": 0.012380449999999998
        },
        "http_req_receiving": {
            "avg": 120.63623958658003,
            "min": 0.059452,
            "med": 146.13577800000002,
            "max": 188.10327,
            "p(90)": 146.2416806,
            "p(95)": 146.26993385
        },
        "http_reqs": {
            "count": 462,
            "rate": 0.7640095646392323
        },
        "http_req_connecting": {
            "avg": 0.0019015757575757575,
            "min": 0,
            "med": 0,
            "max": 0.361892,
            "p(90)": 0,
            "p(95)": 0
        },
        "vus": {
            "value": 1,
            "min": 0,
            "max": 2
        },
        "http_req_waiting": {
            "avg": 199.01377033333333,
            "min": 156.598832,
            "med": 196.413595,
            "max": 387.116313,
            "p(90)": 221.55201800000003,
            "p(95)": 254.683821
        },
        "vus_max": {
            "value": 2,
            "min": 2,
            "max": 2
        }
    },
    "root_group": {
        "path": "",
        "id": "d41d8cd98f00b204e9800998ecf8427e",
        "groups": {},
        "checks": {},
        "name": ""
    }
}