{
    "root_group": {
        "id": "d41d8cd98f00b204e9800998ecf8427e",
        "groups": {},
        "checks": {},
        "name": "",
        "path": ""
    },
    "metrics": {
        "transaction_success{scenario:main}": {
            "passes": 84,
            "fails": 0,
            "thresholds": {
                "rate>0.95": false
            },
            "value": 1
        },
        "data_sent": {
            "count": 1828712,
            "rate": 3044.85454056567
        },
        "http_req_waiting": {
            "avg": 197.07440650507607,
            "min": 175.941568,
            "med": 188.9687345,
            "max": 387.438717,
            "p(90)": 206.4715665,
            "p(95)": 255.62428139999992
        },
        "transaction_duration{scenario:main}": {
            "min": 6084,
            "med": 8899.5,
            "max": 12162,
            "p(90)": 10308.8,
            "p(95)": 10939.099999999997,
            "avg": 8985.190476190477,
            "thresholds": {
                "p(95)<10000": true,
                "p(99)<20000": false
            }
        },
        "http_reqs": {
            "rate": 0.6560205702061747,
            "count": 394
        },
        "data_received": {
            "count": 1946086,
            "rate": 3240.2853994676484
        },
        "http_req_failed": {
            "passes": 0,
            "fails": 394,
            "value": 0
        },
        "http_req_blocked": {
            "min": 0.00527,
            "med": 0.008550499999999999,
            "max": 0.465518,
            "p(90)": 0.011569699999999999,
            "p(95)": 0.013567499999999988,
            "avg": 0.01204813197969542
        },
        "http_req_failed{scenario:main}": {
            "passes": 0,
            "fails": 337,
            "thresholds": {
                "rate<0.01": false
            },
            "value": 0
        },
        "http_req_connecting": {
            "avg": 0.0021900736040609135,
            "min": 0,
            "med": 0,
            "max": 0.395617,
            "p(90)": 0,
            "p(95)": 0
        },
        "vus": {
            "value": 1,
            "min": 0,
            "max": 2
        },
        "transaction_success": {
            "passes": 98,
            "fails": 0,
            "value": 1
        },
        "http_req_receiving": {
            "min": 0.080943,
            "med": 146.09825949999998,
            "max": 147.648714,
            "p(90)": 146.2400859,
            "p(95)": 146.2795954,
            "avg": 94.36503008629448
        },
        "iterations": {
            "count": 98,
            "rate": 0.16317262913757644
        },
        "http_req_duration": {
            "med": 326.3322965,
            "max": 533.975264,
            "p(90)": 345.0699047,
            "p(95)": 348.79219225,
            "avg": 291.5432670507614,
            "min": 177.237466
        },
        "http_req_duration{expected_response:true}": {
            "p(90)": 345.0699047,
            "p(95)": 348.79219225,
            "avg": 291.5432670507614,
            "min": 177.237466,
            "med": 326.3322965,
            "max": 533.975264
        },
        "http_req_tls_handshaking": {
            "p(90)": 0,
            "p(95)": 0,
            "avg": 0,
            "min": 0,
            "med": 0,
            "max": 0
        },
        "iteration_duration": {
            "max": 12161.608836,
            "p(90)": 10330.3574388,
            "p(95)": 11090.019239099998,
            "avg": 9012.043073806124,
            "min": 6083.823936,
            "med": 9026.123384
        },
        "http_req_sending": {
            "avg": 0.1038304593908629,
            "min": 0.028844,
            "med": 0.099779,
            "max": 1.262873,
            "p(90)": 0.1763074,
            "p(95)": 0.20190034999999998
        },
        "vus_max": {
            "value": 2,
            "min": 2,
            "max": 2
        },
        "transaction_duration": {
            "p(95)": 11089.849999999999,
            "avg": 9012.010204081633,
            "min": 6084,
            "med": 9026,
            "max": 12162,
            "p(90)": 10330.4
        }
    }
}