{
    "metrics": {
        "http_req_failed": {
            "passes": 12,
            "fails": 228154,
            "thresholds": {
                "rate<0.05": false
            },
            "value": 0.0000525932873434254
        },
        "http_req_duration{expected_response:true}": {
            "max": 19332.713467,
            "p(90)": 9188.5884543,
            "p(95)": 10144.9160387,
            "avg": 6314.586897648912,
            "min": 260.840162,
            "med": 6653.7941415000005
        },
        "http_req_blocked": {
            "max": 16.880951,
            "p(90)": 0.007434,
            "p(95)": 0.008306,
            "avg": 0.007422137176441827,
            "min": 0.001983,
            "med": 0.0052
        },
        "http_req_connecting": {
            "max": 9.929546,
            "p(90)": 0,
            "p(95)": 0,
            "avg": 0.0011958182989577754,
            "min": 0,
            "med": 0
        },
        "iterations": {
            "count": 76026,
            "rate": 5.274648494322978
        },
        "http_reqs": {
            "count": 228166,
            "rate": 15.830050882010058
        },
        "transaction_duration": {
            "max": 35797,
            "p(90)": 25572,
            "p(95)": 26762,
            "avg": 18951.80196248652,
            "min": 1994,
            "med": 21331
        },
        "data_received": {
            "count": 1188821242,
            "rate": 82479.86444288102
        },
        "http_req_waiting": {
            "p(95)": 10142.834227,
            "avg": 6312.029708207857,
            "min": 155.502322,
            "med": 6651.6262345,
            "max": 19332.46593,
            "p(90)": 9186.025301
        },
        "vus": {
            "value": 12,
            "min": 12,
            "max": 100
        },
        "vus_max": {
            "max": 100,
            "value": 100,
            "min": 100
        },
        "iteration_duration": {
            "max": 35797.881963,
            "p(90)": 25571.920955499998,
            "p(95)": 26761.838537249998,
            "avg": 18951.834435625482,
            "min": 1993.659427,
            "med": 21330.746198
        },
        "http_req_sending": {
            "avg": 0.08632577036455802,
            "min": 0.008256,
            "med": 0.086523,
            "max": 11.827106,
            "p(90)": 0.13748,
            "p(95)": 0.15369149999999998
        },
        "data_sent": {
            "count": 995969026,
            "rate": 69099.86745828037
        },
        "dropped_iterations": {
            "count": 923974,
            "rate": 64.10488606389366
        },
        "http_req_duration": {
            "min": 155.637898,
            "med": 6653.6199705,
            "max": 19332.713467,
            "p(90)": 9188.5262755,
            "p(95)": 10144.887645750001,
            "avg": 6314.263785254011
        },
        "http_req_tls_handshaking": {
            "max": 0,
            "p(90)": 0,
            "p(95)": 0,
            "avg": 0,
            "min": 0,
            "med": 0
        },
        "transaction_success": {
            "passes": 76014,
            "fails": 12,
            "thresholds": {
                "rate>0.90": false
            },
            "value": 0.9998421592613054
        },
        "http_req_receiving": {
            "avg": 2.147751275764133,
            "min": 0.021661,
            "med": 0.101923,
            "max": 533.304048,
            "p(90)": 0.161178,
            "p(95)": 1.3573845
        },
        "complaints_created": {
            "rate": 5.273815939908279,
            "count": 76014
        }
    },
    "root_group": {
        "path": "",
        "id": "d41d8cd98f00b204e9800998ecf8427e",
        "groups": {},
        "checks": {},
        "name": ""
    }
}