{
    "root_group": {
        "name": "",
        "path": "",
        "id": "d41d8cd98f00b204e9800998ecf8427e",
        "groups": {},
        "checks": {}
    },
    "metrics": {
        "vus": {
            "value": 1,
            "min": 0,
            "max": 10
        },
        "http_req_failed{scenario:main}": {
            "passes": 0,
            "fails": 1756,
            "thresholds": {
                "rate<0.01": false
            },
            "value": 0
        },
        "http_req_failed": {
            "passes": 0,
            "fails": 1870,
            "value": 0
        },
        "http_req_blocked": {
            "max": 2.896273,
            "p(90)": 0.01051,
            "p(95)": 0.011963999999999997,
            "avg": 0.01248931336898393,
            "min": 0.004439,
            "med": 0.008036
        },
        "transaction_success": {
            "fails": 0,
            "passes": 465,
            "value": 1
        },
        "http_req_duration{expected_response:true}": {
            "min": 170.475601,
            "med": 239.653844,
            "max": 566.355455,
            "p(90)": 329.84706120000004,
            "p(95)": 336.30236464999996,
            "avg": 250.77525102032155
        },
        "iteration_duration": {
            "avg": 8971.81568404301,
            "min": 5820.672228,
            "med": 8956.198846,
            "max": 12222.429127,
            "p(90)": 10417.0799368,
            "p(95)": 10940.464849200001
        },
        "http_req_duration{scenario:main}": {
            "p(95)": 333.06024975,
            "avg": 245.87637560421504,
            "min": 170.475601,
            "med": 233.54402449999998,
            "max": 566.355455,
            "p(90)": 325.120292,
            "thresholds": {
                "p(99)<10000": false,
                "p(95)<5000": false
            }
        },
        "http_reqs": {
            "count": 1870,
            "rate": 3.092743547618999
        },
        "http_req_connecting": {
            "avg": 0.001316448128342246,
            "min": 0,
            "med": 0,
            "max": 0.289957,
            "p(90)": 0,
            "p(95)": 0
        },
        "http_req_sending": {
            "p(90)": 0.15939110000000004,
            "p(95)": 0.18217005,
            "avg": 0.09608402780748654,
            "min": 0.022101,
            "med": 0.09165300000000001,
            "max": 3.782034
        },
        "http_req_waiting": {
            "avg": 215.90833048288738,
            "min": 169.993963,
            "med": 191.967525,
            "max": 530.777136,
            "p(90)": 292.70093770000005,
            "p(95)": 312.7155061
        },
        "data_received": {
            "count": 8264882,
            "rate": 13669.06977397455
        },
        "transaction_duration": {
            "min": 5820,
            "med": 8956,
            "max": 12222,
            "p(90)": 10416.6,
            "p(95)": 10940.6,
            "avg": 8971.767741935484
        },
        "http_req_duration": {
            "med": 239.653844,
            "max": 566.355455,
            "p(90)": 329.84706120000004,
            "p(95)": 336.30236464999996,
            "avg": 250.77525102032155,
            "min": 170.475601
        },
        "data_sent": {
            "count": 6592594,
            "rate": 10903.316874637287
        },
        "iterations": {
            "count": 465,
            "rate": 0.7690512030175586
        },
        "http_req_tls_handshaking": {
            "p(95)": 0,
            "avg": 0,
            "min": 0,
            "med": 0,
            "max": 0,
            "p(90)": 0
        },
        "transaction_duration{scenario:main}": {
            "p(95)": 10939.4,
            "avg": 8965.059496567506,
            "min": 5820,
            "med": 8956,
            "max": 12140,
            "p(90)": 10394.4,
            "thresholds": {
                "p(95)<15000": false,
                "p(99)<25000": false
            }
        },
        "http_req_receiving": {
            "med": 0.123918,
            "max": 187.70101,
            "p(90)": 146.1049721,
            "p(95)": 146.16436910000002,
            "avg": 34.77083650962569,
            "min": 0.04233
        },
        "vus_max": {
            "value": 10,
            "min": 10,
            "max": 10
        },
        "transaction_success{scenario:main}": {
            "passes": 437,
            "fails": 0,
            "thresholds": {
                "rate>0.95": false
            },
            "value": 1
        }
    }
}