{
    "metrics": {
        "http_reqs": {
            "rate": 0.649533290232243,
            "count": 390
        },
        "transaction_success": {
            "passes": 97,
            "fails": 0,
            "value": 1
        },
        "transaction_duration": {
            "min": 5939,
            "med": 9120,
            "max": 11640,
            "p(90)": 10658.4,
            "p(95)": 11121.4,
            "avg": 9002.505154639175
        },
        "http_req_receiving": {
            "p(95)": 146.2712583,
            "avg": 128.52338846923067,
            "min": 0.068549,
            "med": 146.1334075,
            "max": 147.22669,
            "p(90)": 146.2331965
        },
        "http_req_duration": {
            "med": 340.478425,
            "max": 553.785079,
            "p(90)": 363.4910889,
            "p(95)": 372.92430584999994,
            "avg": 334.34847269230795,
            "min": 183.040292
        },
        "data_sent": {
            "count": 1375104,
            "rate": 2290.1944244397905
        },
        "http_req_duration{scenario:main}": {
            "max": 553.785079,
            "p(90)": 355.5092426,
            "p(95)": 361.48185920000003,
            "avg": 332.02020231750765,
            "min": 183.040292,
            "med": 339.124515,
            "thresholds": {
                "p(95)<5000": false,
                "p(99)<10000": false
            }
        },
        "vus_max": {
            "value": 2,
            "min": 2,
            "max": 2
        },
        "iteration_duration": {
            "avg": 9002.587349999998,
            "min": 5938.68253,
            "med": 9120.521882,
            "max": 11639.610079,
            "p(90)": 10658.6642686,
            "p(95)": 11120.7234206
        },
        "transaction_duration{scenario:main}": {
            "p(90)": 10602.5,
            "p(95)": 11066.099999999999,
            "avg": 8961.738095238095,
            "min": 5939,
            "med": 9007,
            "max": 11640,
            "thresholds": {
                "p(95)<15000": false,
                "p(99)<25000": false
            }
        },
        "http_req_blocked": {
            "avg": 0.011791110256410265,
            "min": 0.00574,
            "med": 0.008466000000000001,
            "max": 0.326726,
            "p(90)": 0.011621000000000001,
            "p(95)": 0.014606049999999997
        },
        "iterations": {
            "count": 97,
            "rate": 0.16155058757058352
        },
        "http_req_failed": {
            "passes": 0,
            "fails": 390,
            "value": 0
        },
        "transaction_success{scenario:main}": {
            "passes": 84,
            "fails": 0,
            "thresholds": {
                "rate>0.95": false
            },
            "value": 1
        },
        "http_req_waiting": {
            "avg": 205.70926409230773,
            "min": 179.281514,
            "med": 199.270048,
            "max": 407.414694,
            "p(90)": 224.8490783,
            "p(95)": 243.16315079999984
        },
        "vus": {
            "max": 2,
            "value": 1,
            "min": 0
        },
        "http_req_failed{scenario:main}": {
            "passes": 0,
            "fails": 337,
            "thresholds": {
                "rate<0.01": false
            },
            "value": 0
        },
        "http_req_duration{expected_response:true}": {
            "avg": 334.34847269230795,
            "min": 183.040292,
            "med": 340.478425,
            "max": 553.785079,
            "p(90)": 363.4910889,
            "p(95)": 372.92430584999994
        },
        "http_req_tls_handshaking": {
            "max": 0,
            "p(90)": 0,
            "p(95)": 0,
            "avg": 0,
            "min": 0,
            "med": 0
        },
        "http_req_sending": {
            "med": 0.10404250000000001,
            "max": 2.475619,
            "p(90)": 0.17845250000000007,
            "p(95)": 0.1984266499999999,
            "avg": 0.11582013076923083,
            "min": 0.024686
        },
        "http_req_connecting": {
            "avg": 0.0015875871794871796,
            "min": 0,
            "med": 0,
            "max": 0.224935,
            "p(90)": 0,
            "p(95)": 0
        },
        "data_received": {
            "count": 1723807,
            "rate": 2870.948801116339
        }
    },
    "root_group": {
        "path": "",
        "id": "d41d8cd98f00b204e9800998ecf8427e",
        "groups": {},
        "checks": {},
        "name": ""
    }
}