{
    "metrics": {
        "http_req_duration": {
            "avg": 325.63533904978345,
            "min": 158.957501,
            "med": 339.9136365,
            "max": 555.246586,
            "p(90)": 364.9438289,
            "p(95)": 373.4851377
        },
        "http_req_blocked": {
            "p(95)": 0.012936999999999999,
            "avg": 0.011048848484848484,
            "min": 0.003708,
            "med": 0.00799,
            "max": 0.338959,
            "p(90)": 0.011008
        },
        "vus_max": {
            "value": 2,
            "min": 2,
            "max": 2
        },
        "http_req_tls_handshaking": {
            "max": 0,
            "p(90)": 0,
            "p(95)": 0,
            "avg": 0,
            "min": 0,
            "med": 0
        },
        "http_reqs": {
            "count": 462,
            "rate": 0.7632404929833975
        },
        "iterations": {
            "count": 92,
            "rate": 0.1519872843170402
        },
        "http_req_failed": {
            "passes": 92,
            "fails": 370,
            "value": 0.19913419913419914
        },
        "http_req_sending": {
            "avg": 0.09270923160173149,
            "min": 0.017822,
            "med": 0.051261,
            "max": 2.501559,
            "p(90)": 0.1695484000000001,
            "p(95)": 0.18815545
        },
        "vus": {
            "value": 1,
            "min": 0,
            "max": 2
        },
        "http_req_waiting": {
            "avg": 201.85342927272742,
            "min": 158.378583,
            "med": 199.69951500000002,
            "max": 416.405536,
            "p(90)": 227.0591818,
            "p(95)": 250.26729494999998
        },
        "http_req_failed{scenario:main}": {
            "passes": 79,
            "fails": 317,
            "thresholds": {
                "rate<0.01": true
            },
            "value": 0.1994949494949495
        },
        "transaction_success": {
            "fails": 0,
            "passes": 92,
            "value": 1
        },
        "http_req_receiving": {
            "avg": 123.68920054545463,
            "min": 0.058671,
            "med": 147.69034549999998,
            "max": 190.142557,
            "p(90)": 147.79890460000001,
            "p(95)": 147.8369418
        },
        "transaction_duration{scenario:main}": {
            "p(95)": 11342.099999999999,
            "avg": 9612.278481012658,
            "min": 6922,
            "med": 9472,
            "max": 12937,
            "p(90)": 11145.8,
            "thresholds": {
                "p(95)<10000": true,
                "p(99)<20000": false
            }
        },
        "http_req_duration{expected_response:true}": {
            "p(95)": 375.1916384,
            "avg": 334.55308281621626,
            "min": 194.665018,
            "med": 345.263214,
            "max": 555.246586,
            "p(90)": 368.3488203
        },
        "data_received": {
            "count": 1884169,
            "rate": 3112.714451134275
        },
        "transaction_success{scenario:main}": {
            "passes": 79,
            "fails": 0,
            "thresholds": {
                "rate>0.95": false
            },
            "value": 1
        },
        "data_sent": {
            "count": 1746228,
            "rate": 2884.8309947649614
        },
        "transaction_duration": {
            "avg": 9622.16304347826,
            "min": 6922,
            "med": 9486,
            "max": 12937,
            "p(90)": 11148.5,
            "p(95)": 11360.85
        },
        "http_req_connecting": {
            "p(90)": 0,
            "p(95)": 0,
            "avg": 0.001467530303030303,
            "min": 0,
            "med": 0,
            "max": 0.240835
        },
        "iteration_duration": {
            "avg": 9622.250174902174,
            "min": 6921.67573,
            "med": 9486.034146999998,
            "max": 12938.003333,
            "p(90)": 11148.046615700001,
            "p(95)": 11360.5105053
        }
    },
    "root_group": {
        "name": "",
        "path": "",
        "id": "d41d8cd98f00b204e9800998ecf8427e",
        "groups": {},
        "checks": {}
    }
}